dataset,modality,num_folds,baseline_val_mean,baseline_val_std,baseline_val_ci,baseline_ood_mean,baseline_ood_std,baseline_ood_ci,attention_val_mean,attention_val_std,attention_val_ci,attention_ood_mean,attention_ood_std,attention_ood_ci,val_improvement_mean,val_improvement_std,val_improvement_ci,ood_improvement_mean,ood_improvement_std,ood_improvement_ci,val_p_value,ood_p_value,val_significant,ood_significant
pneumonia,xray,5,97.32428626997651,0.34989306142062276,"[96.89, 97.76]",86.73076923076924,0.28667538173073964,"[86.37, 87.09]",96.92299404106424,0.6620451742441077,"[96.10, 97.75]",86.98717948717949,0.7635339262545868,"[86.04, 87.94]",-0.4012922289122514,0.49349121488734077,"[-1.01, 0.21]",0.2564102564102512,0.9787456079873333,"[-0.96, 1.47]",0.14315901660436808,0.5894678220050324,False,False
COVID-QU,xray,5,91.25229719086374,0.6249793005571649,"[90.48, 92.03]",91.25827814569536,0.16180351349562155,"[91.06, 91.46]",89.74008926227357,0.5622809855819013,"[89.04, 90.44]",89.68779564806056,0.22931314368100028,"[89.40, 89.97]",-1.5122079285901748,0.5092794315203524,"[-2.14, -0.88]",-1.5704824976348106,0.17186283940004704,"[-1.78, -1.36]",0.0026706042797483565,3.387691193427838e-05,True,True
open-i,xray,5,66.1134934248142,1.217044121572994,"[64.60, 67.62]",68.35955056179776,1.1140040052085838,"[66.98, 69.74]",69.74299599771297,0.5176136264831752,"[69.10, 70.39]",68.24719101123596,1.2526956163747176,"[66.69, 69.80]",3.629502572898801,0.9796020993695085,"[2.41, 4.85]",-0.11235955056179421,1.596929258826062,"[-2.10, 1.87]",0.0011587090281375847,0.8826076593404445,True,False
