dataset,modality,model,bottleneck,num_concepts,baseline_val_acc,baseline_ood_acc,baseline_gap,attention_val_acc,attention_ood_acc,attention_gap,val_improvement,ood_improvement,gap_improvement
pneumonia,xray,whyxrayclip,PubMed,150,93.75,86.53846153846155,7.211538461538453,100.0,86.53846153846155,13.461538461538453,6.25,0.0,-6.25
COVID-QU,xray,whyxrayclip,PubMed,150,90.54373522458629,91.48533585619678,-0.9416006316104983,91.34751773049645,91.01229895931883,0.33521877117762244,0.8037825059101635,-0.47303689687795725,-1.2768194027881208
open-i,xray,whyxrayclip,PubMed,150,67.35159817351598,70.11235955056179,-2.76076137704581,71.46118721461188,69.32584269662921,2.1353445179826736,4.1095890410959015,-0.7865168539325822,-4.896105895028484
